x1,x2,x3,x4,x5,y
1.890533817935330652e-01,-5.227484414807473945e-01,-4.130635433918934396e-01,-2.441467382639855632e+00,1.799707382720902027e+00,-1.528473985963042958e+00
1.144165872037228748e+00,-3.254228368678243610e-01,7.738065867276614496e-01,2.812106697976492486e-01,-5.538228364240523893e-01,1.246494634042321970e+00
9.775674511260357136e-01,-3.105565466591525547e-01,-3.288239040579626904e-01,-7.921467553588982247e-01,4.549580712408554661e-01,-1.869207984541837675e+00
-9.919805171738795002e-02,5.452887139646817038e-01,-6.071856998706370856e-01,1.268278471118698680e-01,-8.922740434297903311e-01,-8.154579871319503681e+00
8.414649723701430606e-01,1.880350869806859671e-01,3.305710081353261387e-01,4.105039129702628409e-01,-1.010757500153334432e+00,7.608370318900199436e+00
7.831809961440773238e-01,2.056702818342368566e+00,-1.638442503235525205e+00,-1.729411467154481574e+00,-1.504831413864319956e+00,3.413756739233925419e+00
8.414588934539998233e-01,1.287156574740684623e-01,1.078342440739298080e+00,7.224308723074990279e-01,2.105718123752805815e-01,3.357649020016558072e+00
2.840381452503708548e-01,-1.697604977231354229e-01,8.684602112115101802e-01,-1.129715961780754840e+00,-4.218588261783162152e-01,4.871317543621614732e+00
2.429388530987351968e-01,1.801420858449332751e+00,-7.644641157203992954e-01,-1.079060459136942374e+00,-5.632871985040378560e-01,2.396020232229150615e+00
9.692722011381628144e-01,-2.350055068918257828e-01,1.324347019236957079e+00,-1.872529517606023930e+00,1.128523141900477977e+00,2.810833735793225152e+00
1.034866239929538745e+00,-1.418665689801484886e+00,1.535818865359577512e-01,1.215757635194536279e+00,8.791904230952238275e-02,1.590982873312549284e+00
9.997014221517800392e-01,2.374886913317143744e+00,2.739322545923298935e-01,-2.803823139429378886e-01,-7.710521598195306803e-01,5.639602372585598822e+00
6.480646015444851971e-01,-1.967300663577237207e-01,-1.787463707940678270e-01,-1.052597784150318960e-01,6.498696525854938955e-01,-1.268106355727053769e+00
-1.066339612164912687e+00,-1.529876490670556421e+00,-2.433876697148938728e+00,1.198670899390078315e+00,7.379335958326627143e-02,-1.380416295102953583e+01
1.510119413122345877e+00,-8.956298110398960496e-03,-7.421554551991772497e-01,4.779292987996560105e-01,-7.658841293719656496e-02,6.306146650265828102e-01
-1.254186661973630823e+00,-8.850665814507719942e-01,1.766779317484588052e+00,3.543505953235255856e-01,4.163865350301778068e-01,1.978423972426426092e+00
-2.765517183210115526e-01,-6.897195637660918921e-01,8.916558155709342071e-01,-1.046264526736916806e-01,-7.591081117479301366e-01,2.654842742753651841e+00
-1.341285193495478645e-01,-9.056060167223513035e-01,1.900458385911119319e-01,1.129227630069040034e+00,-8.360851661432464610e-01,-3.196760136632826210e+00
1.428544005170784059e+00,-6.676199486614573519e-01,1.534121627239398433e-01,-8.363865253041882220e-01,-2.222351663543350453e-01,9.340241373552984339e-01
4.740441249412622599e-02,-4.346849461734271225e-01,-7.028878955725051947e-01,-6.778861906636611812e-01,-8.211599492508596665e-01,-5.607451296859614409e+00
-1.570079992924428902e+00,-2.629696110774594198e-01,4.011582096101373174e-01,9.084019250927495293e-01,6.471027285461043999e-01,1.631850330861493559e+00
2.457336522342424168e+00,3.186816350778415297e-01,-4.563338939320180088e-01,1.871634637016067693e+00,-1.047218093594082688e+00,2.289803371644111074e+00
9.684776095222179526e-01,-9.551447697246859825e-01,3.541116576015026496e-01,-1.968396752237865810e+00,8.992737076506074345e-01,1.112236067283332464e+00
-1.582476152715653339e-01,-9.676814717242090413e-01,1.678419038762159587e+00,7.653546837661211466e-01,4.580783577937577039e-02,4.173158296477283535e+00
-7.454433887901278366e-01,-4.336259016175258302e-02,-1.639287629551959280e-01,7.247764935410930809e-01,7.980751811597928125e-01,-4.356227358439223707e+00
-6.677563797627329434e-01,-5.493705607570515959e-01,-5.320653277786109303e-01,-1.349317246257902614e+00,-5.915748828912160695e-01,-1.013150496180436733e+00
-9.240806520639366362e-02,6.909519446056412439e-01,1.320379489366778625e+00,-8.083458775593314050e-01,5.509765318813011348e-01,1.142074274713232995e+01
-4.444568257055437344e-01,2.075187776315390309e+00,-4.872354462570365613e-02,5.021269704086143149e-01,-9.361621531378326866e-01,-1.355579416658449166e+00
-8.106894642994448841e-01,2.016953008706377781e-01,-3.840544504961267980e-01,3.532885925705411823e-01,-1.561824119285741830e+00,-6.747696615509994444e+00
6.620049701489379990e-01,-8.994803577797335636e-01,1.722423396366295378e+00,-2.884672420679738614e-01,1.097265036885962219e+00,-4.841797979046029710e-01
-1.394983322863019071e+00,4.289462445148907732e-01,-8.880296507945876217e-01,-4.868890686859325134e-01,2.459638219125081376e-02,-6.768031058550012524e-01
-3.170749669346225041e-01,2.642556251464824313e-01,7.476554288062055020e-01,6.527821390898571607e-01,-8.748148289345687723e-02,2.840549542199164446e+00
-1.363430509984349781e+00,-8.046461065088295062e-01,-1.957562084777642042e-01,-2.121825972601985022e+00,7.520805892207796939e-01,-3.249640262174069427e-01
-2.396381923290265281e-01,-2.513192986068852330e-01,9.483762106370879907e-01,6.679105062494221645e-01,2.210009663225178389e-01,4.270144459290963646e+00
-1.001333587233462996e+00,3.104215762864058759e-01,3.461775385567262275e-01,-8.847733337672445408e-01,1.043311845195421750e+00,1.289757618135369155e+00
5.078871822065823549e-01,-1.969624366516230962e+00,1.219494496702951541e-01,-1.264697993973540990e+00,1.136315148256863639e+00,-2.213398766063881418e+00
8.070279575425832741e-01,-1.103590750063341286e+00,-8.848726996475547724e-01,1.018532847439501815e-01,-2.388108181584930600e-01,-4.564053134696170133e+00
1.525203080173270109e+00,7.409738171791774297e-01,-2.824272472716988780e-01,5.773959336763955230e-01,-2.032279306513402606e+00,4.765249606351058986e+00
3.098646874168553000e-01,8.664070590018645435e-01,-1.789525110759287441e-01,-7.102141913075583624e-01,5.658334533735658312e-01,-1.883326613149466588e+00
1.958614727615467288e+00,2.048689341867044045e-01,-1.120677663165256854e+00,1.445804787919450440e+00,-1.878547480388364610e+00,-2.259256872041843334e+00
5.032048553317772788e-01,-5.819546491605352978e-01,9.305984310891106670e-01,-8.494743678230212147e-01,1.323847805852773396e+00,2.859907409574244053e+00
3.002730904204610751e-01,-1.726840631439775287e+00,-1.973813028204783881e+00,-3.160955126649601654e-01,1.294211628410594228e+00,-3.670584681725442167e+00
1.270300352433813840e-01,6.712070250380272607e-02,-2.359038336676639591e-01,7.379001699280089976e-01,3.773267966948902208e-01,-2.739832407913203038e+00
2.803458736422704267e-01,-9.847229413579083879e-01,1.187853308356982884e+00,1.363080412725391044e+00,-1.301353520224985294e+00,-1.362721461413424873e+00
2.301495132844955549e+00,7.225065897534975745e-01,-4.880059963814704638e-01,-1.904355906143532451e+00,6.568464180302900912e-01,5.926287276954256278e-01
5.575113733993249943e-01,-5.956318243301261806e-01,-1.790553266984422187e+00,1.124476757884187883e+00,-5.883189530936879796e-01,-3.097595472799705263e+00
-4.717450752396645797e-01,2.845645074509525863e+00,2.127972196949781125e+00,9.537367314931016749e-01,-4.554210238658131238e-01,1.089844514395325525e+01
6.494612739784310085e-01,-2.281469777287849610e+00,1.065327015775261593e-01,-7.598182817823110335e-01,-1.285605143664659611e+00,3.791608818461815744e-01
-1.582804464237876463e+00,5.251415978751188263e-01,8.930037331340701101e-02,1.597236640001515884e-01,8.423760552565885407e-01,-5.882208701365489567e+00
-8.460837686653659429e-01,-1.235584454468911630e+00,-1.776365384918243251e+00,-3.351965739266948852e-01,7.601562085524842249e-01,-5.260779406656485691e+00
-1.494235252760479082e-01,6.411281903517326297e-01,-1.181053713604815147e+00,-4.691213318717145087e-01,-7.659366813813416330e-01,6.942704344015879769e-01
-1.248377810235692609e+00,1.859473537260907028e+00,8.521407722678009389e-01,-7.618005522771403859e-01,-7.660172081897682617e-01,7.709945116850693836e-01
-5.719685380518415435e-02,-1.442053902768575480e+00,4.358271658844359298e-01,-1.294238775163280675e+00,-3.704329748709034864e-01,-1.173077502081154133e+00
-1.024822624127963433e+00,-4.798482897348302356e-01,-1.331157180564984888e+00,-1.572822027026339109e+00,-9.661408777268590820e-01,-2.330717839708969841e+00
-6.800098576700019937e-01,-2.948894297026285471e-01,6.898363214085087569e-02,1.526896109846393124e+00,8.122518305619172985e-01,-7.990806937241393682e-01
-2.528992016864246573e-01,7.259183347369237982e-01,-6.888972645408504292e-01,1.448491386616944876e+00,5.494769624409097108e-01,2.131349940620211658e+00
-1.355839334671548713e+00,7.553855234736810420e-01,8.160923526177820131e-01,-2.685595289652431994e+00,-7.480949542511322603e-01,9.727869510080591198e+00
-4.738225196184616128e-01,-1.928512251800226895e+00,-1.067177492312621379e+00,-9.483581881928415669e-01,5.070958053657446118e-01,-6.710582736379789637e+00
3.004631777305150631e-01,2.626173828618594719e+00,-3.942594033841144152e-01,1.153230993841128704e+00,7.884647538056409333e-02,3.528885682986547589e+00
2.709257789707484876e-01,-1.159629817286180531e+00,-1.910899777942451250e+00,-7.671482258172058755e-01,7.621685717133087623e-01,-1.009418966888755875e+01
1.582805612025466324e+00,6.039910508652821530e-01,4.982809098431998374e-01,-8.387668539743594609e-01,1.534293845315934046e+00,6.229824247919085067e+00
1.343806320396853327e+00,-5.308324871691382230e-01,-4.637066919387357322e-02,-9.960519234647857711e-01,1.467206885383877335e+00,-4.471608605962150707e-01
4.063541690298166364e-01,-9.506466916037241421e-02,4.069000004228969791e-01,4.406222903685240166e-01,-4.114967034028557125e-01,9.006857195955593198e-01
-1.241565185742946387e+00,-1.283745368714898305e+00,-1.738366513111504696e+00,4.612530204968294245e-01,2.218541838634007224e+00,-9.339934797752352580e+00
-1.699069297636547793e+00,1.382874588248894088e-01,4.109839426060861722e-01,-9.846256772614974118e-01,2.044258020673910825e-01,1.760066405587971339e+00
-1.096936898918378533e+00,1.200402118988125322e+00,-5.942490563115666591e-01,1.005603834912657535e-01,6.842415849945396866e-01,-3.677898666371566261e+00
-4.298193691923152815e-01,-1.791230822841045622e+00,-5.312556589354430203e-01,7.629952676464102357e-01,-8.453265729342354651e-02,-1.019567746369240524e+01
2.297891839639593092e-01,-1.080401806904953466e+00,1.432229108155430308e-01,7.281669899188167872e-01,3.644802049061873772e-02,-8.802975788846133298e+00
1.908014590320117332e+00,-2.077935782605395132e-01,-1.041350236337335478e+00,-1.617659242346107806e+00,1.152005891192684262e+00,1.964389422957266707e+00
-5.901824379649270313e-02,1.011621779862440285e+00,4.576689187720854313e-01,1.625084290575796730e+00,1.266107362761131672e+00,3.558612150994442835e+00
-3.775545621683308872e-01,2.738849009141932078e-01,1.085371992673056951e+00,-1.236075144055349906e+00,1.450895975060811249e+00,7.956689457046264735e+00
1.211993342312222444e+00,9.829258633114376087e-01,-2.009321609169977818e-01,3.021410397429333816e-01,-1.117239240902204944e+00,2.548179691852907602e+00
5.795417383545341250e-02,-5.873795214394221809e-01,8.656396534241171670e-02,-4.946262628009781559e-01,2.838035119192190425e-01,-3.083579338613687604e+00
1.179332176334975557e+00,-1.309603183914651359e+00,9.253908755239110828e-01,-1.991812569517506182e+00,-2.161033350527150620e+00,2.770086331476373953e+00
-1.193686763980927601e-01,6.729381639104525803e-03,4.428008536458606925e-01,-1.647385270167446070e+00,-5.993864274515742913e-02,9.927274090061085632e-01
1.265246972276259652e-01,1.255204983171173350e+00,-1.038395855065713524e-01,5.289917483214574556e-01,-9.774255503285319557e-01,-1.437144078870634001e+00
-1.875546338000950441e-01,-4.455353211384880385e-01,7.033043786615792436e-01,-9.888192773432132876e-01,-8.343224571300155157e-01,-1.623911884444649179e+00
5.759881685469586676e-01,1.789436662156308699e+00,3.827033305295285959e-01,3.035602934284369336e-01,-3.461423935879244240e-01,1.060330943690192740e+01
1.088425228895353536e+00,5.399169566568177148e-01,1.733192719361270173e+00,3.307115103449043692e-01,-9.486769177776984696e-01,8.430889086263375631e+00
-5.699415008227597390e-01,-9.874045530855795061e-01,-1.250820892910365023e+00,1.263717426531695942e+00,8.073369080982528700e-01,-5.048053680634481566e+00
-1.238644375809147435e+00,1.781320682890343399e+00,2.445607261660990572e-01,-9.568919886003731667e-01,3.862219414396623196e-01,2.228024013506801904e+00
-6.919425535493127499e-02,-7.726547541565630395e-01,-1.942934292422628051e+00,3.671990442453280240e-02,2.919958479014125863e-01,-9.512465332234217641e+00
-2.579077380532781127e+00,5.549073291632636851e-01,6.176333152736229737e-01,-4.697956074007749172e-01,1.121230549114367175e-01,3.058604670327417452e+00
-2.806581622889455230e-01,-8.371025659032309552e-01,-3.600549804891212680e-01,1.351603834674763638e+00,-1.450617087430667196e+00,-3.348907593583846154e+00
2.371922807599949057e-01,1.841177556142554184e-01,-7.076303040467822880e-01,-4.403392056116025022e-01,-1.400413403843739246e+00,-3.794787455395631337e+00
-8.519621895254362309e-01,1.495182998713552765e-02,3.267159033813245017e-01,-8.983768023366759392e-01,3.056342448576571780e+00,-2.442963774558352952e-01
-5.703445497605463821e-01,1.273300040886068407e-01,-2.305800811366113257e-01,-3.997797846506893071e-01,1.301068922967907993e+00,-3.724242835160220366e+00
-4.788113807596331983e-01,1.334388814865487660e+00,1.141816282445236252e+00,-1.045665162601564724e+00,1.035493493974896762e+00,6.185552612080386758e+00
-6.503780852019439562e-01,2.736458725862448205e+00,-3.858303672878359847e-01,-9.409262342036952553e-01,-1.911076270621880679e+00,7.052731154866565433e+00
-1.293045161906679619e+00,-5.806489121155584687e-01,-9.980278030069735795e-01,-1.228686896154340236e+00,-6.953397300989140328e-01,-7.956681893588457122e+00
-2.065477437990787535e-01,1.449347374642347974e+00,-1.703294888808679186e+00,-5.516409984891103013e-01,-9.538936052004362010e-01,1.867894354571931981e+00
-1.515147794347154298e+00,-1.266136656520420845e+00,-9.057348401478295674e-01,7.170434362550850427e-01,-1.939005756185200879e-01,-8.767485473815856523e+00
-5.379851125064336603e-01,6.112916946490712933e-01,2.807694925984353662e-01,-2.233288441794941959e-01,3.842858432610790076e-01,1.987143242758834472e+00
-8.283509853404321666e-01,6.273813419491035548e-01,4.669249482525825168e-01,-4.123042751157768859e-01,-1.219476167503311004e+00,-6.819730325970421170e-01
1.520064360242507018e+00,9.420101341934805639e-02,3.051264990379793041e+00,-6.534090705331795368e-01,8.528430151794992309e-01,1.019555585915757945e+01
-4.342191613258609140e-01,2.536680532211389449e-01,8.333912121455665512e-01,-7.993078114412265345e-01,-1.000904648616738335e-01,2.715503819035495425e+00
1.609415933976300894e-01,1.134801035270969205e-01,5.964510286999168409e-01,1.025563169697151222e+00,8.336283388549324824e-01,8.732000480312933632e-01
2.630125560683011510e-01,-3.473729474282376550e-01,-1.129683582380200280e+00,-7.354984590489993534e-01,-5.285487871678282712e-01,-5.929447772646291526e+00
6.827140633050368113e-01,-3.636101787076366776e-01,-1.242338766924657723e+00,6.263471527745221312e-01,-8.032506973056566801e-01,-5.805181166875192922e+00
-7.658286038917371252e-01,-2.262714113895867019e-01,4.731778461300603644e-01,-2.413183502067809183e+00,-1.121453986909350276e+00,-2.262317736033308435e+00
1.755891492737534643e-01,-3.641609994000156725e-01,-8.645445152354747087e-01,-5.414528840700395529e-01,1.385254014781392096e+00,-7.856606374005989046e+00
-4.557282703015811398e-01,7.126649634974352443e-01,7.918690820955160969e-01,-4.502210163796867004e-01,4.434390673583370468e-01,2.556300069747458714e+00
-4.502376160653694392e-01,-6.104175090232178968e-01,-1.125994360837692776e+00,8.749562515109940986e-01,-3.981593399770421704e-01,-3.845581087794472275e+00
-5.521424065645413881e-01,-1.127444919338435714e+00,1.808844962858784822e+00,7.418056120443013990e-01,-1.328044743386138926e-01,5.344708418613190126e+00
-6.947343725104064838e-01,-1.529799995711090377e+00,2.918136717929722401e-01,2.884218116093192341e-01,-1.408400685933091978e+00,-9.375851629153573175e-01
1.161550360481185429e+00,7.759563681434666904e-01,-9.620737434554693657e-01,-5.556965398757096608e-01,-4.273206265352244571e-01,7.199251433428983660e+00
1.606789605547987720e-01,-1.455694253958830786e-01,-1.638939091485182686e+00,1.474097476440559440e+00,3.163104198127335565e-01,-4.091232259458990050e+00
1.260773372721983421e+00,1.254822346865641647e+00,-2.079008166628190657e-01,3.419621356409415780e-01,7.366646118639338381e-01,1.777713934668755380e+00
7.696134282488313882e-01,-1.639187600990231752e-01,-6.181854716059796973e-01,3.528656963620902670e-02,-8.015427671500806595e-01,4.202123404281048913e+00
-5.559339779395361392e-01,-2.030179341239895852e+00,8.364267122819928069e-02,-1.026891340865882185e+00,-5.558396885780594321e-01,-7.507018927516978302e+00
-5.270033876704207504e-02,3.138351206364490276e-01,1.889171808978717504e+00,2.043963634083678926e-01,-1.413264952312686562e+00,9.147918158008661038e+00
1.307464965923750833e-01,-5.957258433447797374e-01,3.993854788943197454e-01,-6.855277774864360074e-01,-7.084067849532786898e-01,-2.727983062588283047e+00
-5.112637703176611259e-01,-6.275626738045664288e-01,-1.824780992133186563e+00,-6.682717010245720068e-01,-1.401109457856757751e-02,-6.178397121521845392e+00
1.200488753892300364e+00,-2.931780181939531160e-01,-3.717423549172949038e-01,5.798384134581572313e-01,5.394025169930706243e-01,-6.406284603961087676e+00
1.599525279227233643e+00,5.851115504218797891e-01,-1.945028623588759484e-02,1.338328991275662183e+00,1.529481925417811139e+00,5.409218644315152424e+00
-4.753784107140583415e-01,1.581398804730950181e-01,-1.680640606371965662e+00,-3.641274726191471856e-01,-8.837515597328290395e-01,-5.675763314698460960e+00
-2.140724658872386610e-01,-4.816345466628101368e-01,-1.660498648390160148e-01,-1.030345310149255039e-01,4.934681160341728434e-01,-4.578535568902534436e+00
2.309384811096596990e-01,-5.618043202363166566e-01,-1.289163027482041590e+00,1.234851765873264506e+00,1.417302420445750943e+00,2.750978744773808771e-01
-4.544449834786608577e-01,5.614143189164457759e-01,-1.526104908479515521e+00,-1.562214960784244377e+00,-2.698845204133896170e-01,-1.613867019785952373e+00
1.471681701473206205e+00,-1.046551493263704558e+00,-8.341242928345019569e-01,1.607594753830773104e+00,-1.893447912571930347e+00,-2.986370656219581754e+00
6.462222470218469406e-01,4.878139172904151222e-01,-2.062707766030865975e-01,1.886249704253420145e-01,2.621741647140490628e+00,-1.233292414576966145e+00
-1.126843200549745960e+00,-3.139401962138989033e-01,-2.381234119935579652e-01,-6.896810948536430397e-01,-1.341882884758687888e+00,-2.599181599443475488e+00
1.593300267091616984e+00,2.200950739419831326e-01,-1.757992137600336902e+00,-7.028042433878098905e-01,4.054006969935171067e-01,-3.732272286691014962e+00
4.034201290826926467e-01,-1.440327120717961318e+00,-9.142686767339212872e-02,2.608817339678169978e-01,3.925718505572430295e-01,-5.771852347501273961e-01
3.945995945733650201e-01,-1.823014221596752193e+00,1.846982811847245332e+00,2.111336086098850318e-01,1.805989722219172533e+00,4.683745130400975398e+00
2.863098988472620565e+00,-1.605573701657513341e-01,-1.233762699010657160e+00,8.641305338230617084e-01,-1.808335583004662128e-01,-3.162572988179052302e+00
-4.514098063384490711e-01,-1.033286389323265331e+00,1.687784568109996108e+00,-4.426744608336863895e-01,-1.399584779423776792e+00,8.972594370738535829e-01
-4.475713869940921019e-01,-1.157258841125314630e+00,1.579041657291662126e-01,-4.193645720951175715e-01,-1.057424216677260276e+00,-3.884572555393055460e+00
6.017661589705272096e-01,-6.434339124687552536e-01,7.237612350644553327e-01,1.260983503866720312e+00,-3.619527750192317317e-01,-2.561769699547325807e+00
-6.465143725591911972e-01,1.992960659293527004e-01,8.914495412790282014e-01,-2.793061417030017618e-03,1.399558501212703199e-01,6.517017344629505438e-01
-2.689079324440258809e-02,3.112146214841731151e-01,6.287430128574453825e-01,-7.060629239114830646e-01,-4.825338361274544297e-01,2.204543292677098698e+00
4.358892769528478761e-02,-6.657321368412377760e-01,1.361254500631624287e-01,5.361491154517041835e-01,-2.172185792063218226e-02,1.193356838019220101e+00
-6.035496713394203905e-01,-7.772023247948055547e-01,1.751225437538942442e+00,8.785058405216715771e-01,-1.119921496320895216e+00,7.056860459788131479e+00
-8.410267720078337117e-01,1.873844710277119852e+00,1.511297705529291324e+00,1.281763193225619046e-01,1.157848899813958887e+00,5.015518132456286082e+00
-1.486981297988882789e+00,1.311955123721444180e-03,7.408091826893715703e-01,-1.859967351387996848e+00,-7.829942300567465097e-01,2.390999755970578011e+00
7.828548483383694911e-01,1.131629883787589774e+00,-5.933074765515482518e-01,2.898094389787055358e-01,1.600712554207259553e+00,-6.717829085772697439e-02
-3.819330859832023584e-01,-1.333364053416783213e+00,-6.140760628961285106e-02,-3.931576415089246268e-01,1.301048276137365400e+00,2.992679317260563465e+00
1.601155599387975859e-01,-8.020945906620252641e-01,2.400544569338420420e+00,-5.001170020373081337e-01,4.724457980298689130e-01,5.611389452752897355e+00
6.762315429994959493e-01,7.843220871640670389e-01,1.729158978418670611e-01,5.866738388147024752e-01,-6.790212951201905767e-02,4.270004322079074655e+00
-1.419181975759105763e+00,-2.198106192561519734e-01,-1.984120606031994083e-01,-1.777202571839889000e-01,1.360917337493755264e-01,-5.262525855494505578e+00
-6.247028845866823277e-01,1.323257487646587460e+00,1.566714899939991801e+00,-2.200361616337475734e+00,9.326022910595574422e-03,4.289888397628133454e+00
-7.105945319425023277e-01,-2.606243866656012376e+00,4.101359016511660349e-01,-6.187996110686255768e-01,-3.757345965787545761e-01,-4.087588657689115834e+00
-6.515779523373644855e-01,1.087005495354633533e+00,1.239298090742267489e+00,2.767953811830682898e-01,6.931088755728799233e-01,4.088163959110324264e+00
-1.124283037758923298e-01,1.401592398372833448e-01,-7.417626257805381984e-01,3.454280209141754460e-02,-7.136704942172494848e-01,-9.975319237313169385e-01
3.730262396735840591e-01,8.273312048150304188e-01,3.110427594609149193e-01,1.184129100789155897e+00,2.690245275141992742e+00,-1.724655430170836112e+00
-2.106561187233294774e+00,1.368401932219880969e-02,-5.686805406396524543e-01,-4.566954808269679811e-01,-1.358175100754416720e+00,-1.799219860061040510e+00
5.253524068099226646e-02,-2.582727096422166024e-01,-6.327706897865459368e-01,-2.543226256354954584e-01,-5.927437623786310228e-01,-5.060763321302279572e+00
-2.342921928027926981e+00,1.077408966540933877e+00,-3.034726649944876065e-01,-9.496373472270576155e-01,3.064120818344737152e-01,4.068748199169364810e+00
-6.624383829681652625e-01,-2.173997513558656891e+00,8.869023691567502476e-01,-1.676709147662387434e+00,-2.184070881253910301e-01,-3.215128028819149719e+00
1.201562463706626338e-01,1.349668296304066706e+00,1.190060670481847049e+00,1.657480745275783374e-01,-7.633915728919574706e-01,9.681469961082225240e+00
-4.158971594271262950e-01,1.087701697239807030e+00,1.786449349196870040e+00,5.437886476464772745e-01,-6.448445179128391436e-01,2.933904314054041507e+00
1.029372097648277862e+00,-3.752400740083091657e-01,-4.078493336446891160e-01,-2.789686570002599675e-01,5.901489837909251746e-01,3.421826822422644465e-01
2.752748708141906087e-01,9.928014195750838322e-01,1.296393290268744058e+00,5.132455881033840539e-01,-2.332263505108116863e+00,3.485968628386828083e+00
-1.696597532483489879e+00,1.585883187286170060e-01,-6.470749582998863714e-02,2.159196096244730079e+00,-3.021406010653926097e-02,-3.034210588574019152e+00
-1.526099328360412399e-01,9.438880984894495452e-01,1.064433424254142224e+00,-2.354101467042596096e-01,4.732020981752816935e-01,5.002255683479037707e+00
-1.133546673551022455e+00,-9.431517751055659149e-01,1.233073145142920657e+00,-1.407135610064209841e+00,9.223126265204881769e-01,-2.718556891372601036e-01
6.778883836963348619e-01,7.697552393057157660e-01,9.128315094981287459e-01,5.638630194844191923e-01,-2.141458826040119501e+00,5.748660266241600425e+00
-1.004379513881462627e+00,-6.013116429216339709e-01,9.148204828660309040e-01,-1.127805277424538177e+00,-7.048950413848643626e-01,2.780424935291978539e+00
-3.628120415362772189e-01,1.316431753311867903e+00,-1.441052783072690913e+00,-1.353929557170807207e+00,6.271611911698811159e-01,-9.476046686104266925e-02
-2.125527883275941221e+00,3.319779324750883331e-01,-4.540409221459667521e-01,-1.576951415731227879e+00,-4.202713960549201433e-01,-3.086139233444034957e+00
-1.002136967606976015e+00,1.677847544203784624e-01,3.638220755015640351e-01,1.488961584822809048e+00,-1.278523600464577699e-02,-3.665392762214576106e+00
1.005535024218785489e-01,-5.773107918296984664e-01,-2.363512029492736283e-02,1.049602463877473690e+00,-1.925715709851727464e+00,-3.538911761648789067e+00
6.591288765171396946e-01,-5.351769370888788124e-01,7.389022981636481080e-02,3.250448200310437352e-01,8.505941707585263911e-01,-7.768229336448161382e-01
2.384032404677031980e-01,-3.925101654124260042e-01,3.116943448933668370e-01,1.187314342843959723e-02,-2.044998490468995511e-01,-5.977011973483003615e+00
2.051476821496592273e-01,8.735804873101571388e-01,1.383320452639910381e-01,1.554692539857974454e-01,-1.287510401518316305e+00,4.623546560224285784e+00
-1.270112362487818281e-01,-1.858017514497396050e+00,7.200106451844423550e-01,-9.392537106317061513e-01,1.295381571439325974e+00,-2.401928906677326392e+00
2.993437124605242250e+00,-3.973992333893160978e-01,1.329630167287870091e+00,4.035989543928545364e-01,-5.569872939709168413e-01,5.433571263869565016e+00
-8.413112957218757959e-01,5.619416901201185199e-01,1.394821844861712679e+00,3.537054639419554558e-01,-1.511898084178987078e+00,7.312166251014764029e+00
-1.042259556154732092e+00,-2.279742987588225800e-01,1.357166277040983138e+00,2.834153216360065786e-01,3.272619600604463330e-01,4.577022196198838877e+00
1.210503749465005496e+00,-2.045954551276587818e-01,-8.911600672401215339e-02,-1.818661114755191488e-01,-1.777960584569121316e+00,1.196967718005204961e+00
4.666788246737569867e-01,4.108387946175845462e-01,9.754424102163893329e-01,-1.188903194188737134e+00,-8.158632329385488990e-01,1.210682882857704978e+00
9.344695067976220848e-01,3.230616204298777383e-01,1.375025690461169958e+00,-8.630322376337883350e-01,2.008030049654378757e-01,6.636934547900105841e+00
-6.759974103338943774e-01,3.097533305949395910e-01,-4.850447948691411493e-01,5.359671059623131173e-01,1.081363749838438526e+00,-4.730925180812601827e-01
6.752704900364215890e-01,-1.808273093308062185e+00,9.404036383030467405e-01,4.475421612681548811e-01,-1.043020694759075440e+00,-2.774384782972296293e+00
-8.857661450196866459e-01,8.306724316404629632e-03,5.735293836763486475e-01,-4.507009070221681402e-01,-1.622511669994508576e+00,3.981370990228433548e+00
2.815790770064421356e-01,1.698086379634437537e-01,2.441132835692758185e+00,-1.288559363981327532e+00,2.523750556565918846e+00,9.468256406631351041e+00
1.744702347313226154e+00,3.031228169389775240e-01,1.658984116442848489e+00,9.656039054564471980e-02,9.778372038418192691e-01,1.419027230971034115e+00
-7.337658313823370859e-01,7.969794620159534326e-02,-1.014595303637369605e+00,-1.575470958380061015e+00,-2.716605495854418906e-01,-3.252307500880370128e+00
-6.588938483984465577e-01,5.728123025961990855e-01,1.270803908207579713e+00,-1.691529815213514976e-01,5.893224548783993627e-02,5.050484994960680041e-01
1.879194118872055952e-01,-1.677968206472628898e+00,2.690810628220714484e-01,1.135051385820740229e-02,-4.632293555458984191e-02,1.048171632178753310e+00
-1.100374968013954957e+00,-1.981880044445123890e+00,-2.502603399270846851e-01,3.161567504689509200e-01,1.340913034895777844e+00,-3.393832204057706470e+00
1.131175987055454746e+00,1.455317710994106450e+00,3.699511223412847438e-01,1.156167479049960756e+00,-2.060109159819666913e-01,1.840892525877497743e+00
6.284333888615184494e-01,9.318145544012900183e-01,2.689324816781176075e+00,2.426303852975904840e-01,-1.272569648955342414e+00,7.905418849064961506e+00
1.377732964225992118e+00,-7.912990295970186994e-01,-6.067719796995602044e-02,-2.942147207599775105e-01,-9.077565769370637971e-01,-8.133683464606272784e-02
1.334772560503884042e+00,5.960610883780224079e-01,-6.120254324257657919e-01,6.933870156706442578e-02,-4.332356211856548400e-01,-2.561401449284761433e-02
6.151956063139694120e-01,-3.785570909757763891e-01,-7.661634456406517524e-01,-6.443074997008341187e-01,-4.368536553707516035e-01,2.135200327960271593e+00
2.893671982226120876e-01,-9.188751137092981969e-01,-8.936968531863496989e-02,4.435810343425389823e-01,2.337275168333927677e+00,4.064293663856428651e-01
8.562454750365030565e-01,-2.983765054810420203e+00,-5.110760069421924623e-01,-3.969252408244154373e-01,3.203853311596497333e-01,-7.491794397226010815e+00
1.569385910760759506e+00,7.420753165903624105e-01,-2.302909960403820122e+00,3.069774286082048720e-01,1.080631766454202558e-01,-2.123005536240789137e+00
4.129818233405920247e-01,1.358868943562004938e+00,-1.090851517059392206e+00,1.103070145354476450e+00,-1.653863845908706942e+00,-6.238672760253782812e+00
5.082243674418682883e-02,3.805972448632758409e-01,2.284532232290232390e+00,-7.023309977826528439e-01,-1.693935257535386318e+00,8.595207685592001212e+00
6.871254281866361335e-01,-6.612309300503097509e-01,1.563825653564817841e+00,-7.080566735693585301e-01,-8.772704091738562360e-01,6.655361705786063453e+00
1.244498217315696431e+00,8.543088159552167382e-02,1.000783901439477264e+00,-1.430215056158941955e+00,1.651088778910321464e+00,3.880854151597385115e+00
-5.889053006974968030e-01,8.194419658785693228e-01,-1.004939605153034377e+00,-1.550689102999279756e+00,-2.568236396124037313e-01,-4.095482758322136263e+00
1.744622520812827149e-01,1.576648124440992449e+00,3.500478370156281382e-01,7.155157207978142253e-01,6.589174098261333379e-01,6.075402372130849216e+00
3.110154571856014183e+00,-8.181433203148779087e-01,1.255157176114160444e+00,-1.492557378373753907e-01,2.607799532095154693e-01,1.111518364241514156e+01
-5.467523963143579024e-01,1.162407533463748921e+00,-1.254861466184033381e+00,-1.322278013792461238e+00,-2.078272229951237948e-01,-1.371914925378846739e+00
-1.158040158755947902e+00,7.032778558082994902e-01,9.218953645230185678e-01,-7.529962764959367005e-01,7.838359722911194538e-01,-3.478313430660637806e-01
-6.620445153389045156e-01,-4.423173790790744381e-02,6.761457514220161474e-03,1.876453379846785952e+00,-4.276629661995070522e-04,3.607190745146292343e+00
-9.119616386922705376e-01,-9.175470838148942487e-01,1.199996942745877426e+00,-1.669012659871407234e+00,-4.702436907666282528e-01,-4.782707419249520697e+00
